[
    {
        "id": "aa32jj887hhg55",
        "name": "Rolex Submariner",
        "description": "Classic diver's watch with a water resistance of up to 300 meters. Features a black dial and Cerachrom bezel insert.",
        "isGold": false,
        "imageName": "rolex_submariner"
    },
    {
        "id": "bb32jj887hhg77",
        "name": "Rolex Day-Date",
        "description": "Iconic luxury watch, often referred to as the 'President's watch'. Features day and date functions.",
        "isGold": true,
        "imageName": "rolex_day_date"
    },
    {
        "id": "cc32jj887hhg66",
        "name": "Rolex Datejust",
        "description": "Classic dress watch with a date function. Known for its timeless design.",
        "isGold": false,
        "imageName": "rolex_datejust"
    },
    {
        "id": "dd32jj887hhg88",
        "name": "Rolex GMT-Master II",
        "description": "Designed for airline pilots with a 24-hour bezel to read a second time zone.",
        "isGold": false,
        "imageName": "rolex_gmt_master_ii"
    },
    {
        "id": "ee32jj887hhg99",
        "name": "Rolex Yacht-Master",
        "description": "Luxury sports watch designed for yachting enthusiasts. Features a bidirectional rotatable bezel.",
        "isGold": false,
        "imageName": "rolex_yacht_master"
    }
]
